GAME_DATE,GOALS,ASSISTS,POINTS,OPPONENT
1986-11-13,1,0,1,HFD
1986-11-15,0,0,0,LAK
1986-11-18,0,0,0,VAN
1986-11-20,0,0,0,PIT
1986-12-22,0,0,0,LAK
1987-10-10,0,0,0,WIN
1987-10-12,0,0,0,WIN
1987-10-20,0,1,1,NYI
1987-10-21,0,1,1,NYR
1987-10-24,1,3,4,QUE
1987-10-26,2,0,2,MTL
1987-10-30,0,1,1,VAN
1987-11-03,2,0,2,NYR
1987-11-05,0,2,2,EDM
1987-11-08,1,2,3,BUF
1987-11-10,1,0,1,WIN
1987-11-11,0,0,0,MNS
1987-11-13,0,2,2,LAK
1987-11-15,3,0,3,VAN
1987-11-17,1,0,1,BOS
1987-11-19,0,0,0,QUE
1987-11-21,0,0,0,PIT
1987-11-23,0,0,0,NJD
1987-11-25,0,0,0,VAN
1987-12-05,2,0,2,MNS
1987-12-08,1,0,1,WSH
1987-12-09,0,0,0,PIT
1987-12-11,1,0,1,NJD
1987-12-13,0,0,0,BUF
1987-12-16,0,0,0,WIN
1987-12-19,0,0,0,LAK
1987-12-22,0,0,0,HFD
1987-12-26,0,0,0,EDM
1987-12-28,0,1,1,MTL
1987-12-31,0,0,0,PHI
1988-01-02,0,0,0,STL
1988-01-03,0,1,1,CHI
1988-01-06,0,0,0,WIN
1988-01-08,2,2,4,NYI
1988-01-10,0,1,1,WSH
1988-01-13,0,0,0,EDM
1988-01-15,1,0,1,VAN
1988-01-19,0,1,1,VAN
1988-01-21,0,1,1,LAK
1988-01-23,2,0,2,DET
1988-01-25,2,2,4,TOR
1988-01-27,0,0,0,HFD
1988-01-30,1,0,1,VAN
1988-02-03,0,0,0,WIN
1988-02-05,0,0,0,DET
1988-02-07,1,0,1,LAK
1988-02-12,0,1,1,PHI
1988-02-14,0,1,1,WSH
1988-02-16,1,0,1,NYI
1988-02-17,0,0,0,NYR
1988-02-21,1,0,1,CHI
1988-02-26,0,1,1,VAN
1988-03-08,0,1,1,TOR
1988-03-10,0,1,1,PIT
1988-03-13,2,0,2,LAK
1988-03-15,2,1,3,CHI
1988-03-17,1,0,1,MNS
1988-03-19,0,0,0,HFD
1988-03-20,0,0,0,CHI
1988-03-22,0,3,3,WSH
1988-03-24,0,0,0,NJD
1988-03-26,0,1,1,TOR
1988-03-28,0,0,0,CGY
1988-04-01,0,0,0,EDM
1988-04-03,1,1,2,WIN
1988-10-06,2,1,3,MNS
1988-10-08,0,1,1,NYR
1988-10-12,1,0,1,TOR
1988-10-14,0,0,0,DET
1988-10-15,1,0,1,PIT
1988-10-20,1,0,1,CHI
1988-10-22,0,1,1,BOS
1988-10-27,0,2,2,PIT
1988-10-29,0,1,1,TOR
1988-11-02,2,1,3,EDM
1988-11-03,1,0,1,CGY
1988-11-05,0,1,1,QUE
1988-11-07,0,1,1,MTL
1988-11-10,0,0,0,MNS
1988-11-12,1,0,1,QUE
1988-11-15,0,1,1,NJD
1988-11-17,0,1,1,PHI
1988-11-19,0,0,0,VAN
1988-11-24,0,0,0,EDM
1988-11-26,0,1,1,WIN
1988-11-29,0,0,0,WSH
1988-12-01,0,0,0,NYI
1988-12-03,1,0,1,TOR
1988-12-06,1,0,1,MNS
1988-12-08,0,0,0,MTL
1988-12-10,1,0,1,MNS
1988-12-11,0,1,1,CHI
1988-12-13,1,0,1,NJD
1988-12-15,1,0,1,HFD
1988-12-17,0,2,2,CHI
1988-12-19,0,0,0,TOR
1988-12-20,0,0,0,DET
1988-12-22,1,1,2,DET
1988-12-26,0,0,0,CHI
1988-12-28,0,0,0,WIN
1988-12-30,1,1,2,MNS
1988-12-31,0,1,1,MNS
1989-01-02,2,1,3,BOS
1989-01-04,0,0,0,DET
1989-01-07,1,1,2,PHI
1989-01-12,0,0,0,LAK
1989-01-15,0,0,0,VAN
1989-01-17,0,1,1,LAK
1989-01-19,0,0,0,NYR
1989-01-21,1,0,1,CHI
1989-01-25,1,0,1,HFD
1989-01-26,0,0,0,BOS
1989-01-28,0,0,0,WSH
1989-01-31,0,1,1,WIN
1989-02-02,1,2,3,BUF
1989-02-03,0,1,1,PIT
1989-02-05,1,1,2,CHI
1989-02-09,0,0,0,CGY
1989-02-11,1,2,3,NYI
1989-02-12,1,0,1,BUF
1989-02-14,0,0,0,WSH
1989-02-16,2,0,2,NYI
1989-02-18,0,0,0,MTL
1989-02-21,0,0,0,VAN
1989-02-24,0,1,1,CGY
1989-02-25,0,0,0,EDM
1989-02-27,1,3,4,TOR
1989-03-02,1,1,2,LAK
1989-03-04,1,1,2,DET
1989-03-05,0,1,1,CHI
1989-03-07,1,1,2,NJD
1989-03-09,1,0,1,TOR
1989-03-11,2,0,2,MNS
1989-03-12,1,0,1,MNS
1989-03-14,0,1,1,CHI
1989-03-16,2,0,2,PHI
1989-03-18,1,1,2,DET
1989-03-20,0,1,1,NYR
1989-03-22,0,0,0,BUF
1989-03-25,0,0,0,HFD
1989-03-27,1,1,2,DET
1989-03-30,0,2,2,QUE
1989-04-01,2,1,3,TOR
1989-10-05,2,0,2,CHI
1989-10-07,1,0,1,TOR
1989-10-12,0,0,0,MNS
1989-10-14,0,0,0,CHI
1989-10-18,3,2,5,PIT
1989-10-19,1,1,2,DET
1989-10-21,2,0,2,LAK
1989-10-24,0,0,0,PHI
1989-10-26,1,1,2,MNS
1989-10-28,1,0,1,WSH
1989-10-31,0,0,0,WSH
1989-11-01,2,2,4,HFD
1989-11-04,0,1,1,QUE
1989-11-06,0,0,0,MTL
1989-11-09,0,0,0,MTL
1989-11-11,2,2,4,PIT
1989-11-15,1,1,2,TOR
1989-11-16,1,2,3,DET
1989-11-18,0,0,0,MNS
1989-11-21,0,1,1,MNS
1989-11-23,0,2,2,WIN
1989-11-25,0,0,0,CGY
1989-11-28,0,0,0,BOS
1989-11-30,1,2,3,HFD
1989-12-02,1,0,1,BOS
1989-12-03,1,0,1,BUF
1989-12-05,0,0,0,DET
1989-12-07,2,0,2,TOR
1989-12-09,1,1,2,VAN
1989-12-11,0,0,0,TOR
1989-12-13,1,1,2,NYR
1989-12-16,1,1,2,EDM
1989-12-18,1,0,1,TOR
1989-12-20,3,0,3,CHI
1989-12-23,0,0,0,NJD
1989-12-26,2,0,2,CHI
1989-12-28,0,0,0,NYI
1989-12-30,1,1,2,MNS
1989-12-31,1,0,1,MNS
1990-01-02,2,0,2,EDM
1990-01-04,0,2,2,PHI
1990-01-06,1,0,1,NYR
1990-01-09,1,0,1,LAK
1990-01-12,1,1,2,VAN
1990-01-14,3,0,3,WIN
1990-01-16,0,1,1,CGY
1990-01-18,1,0,1,TOR
1990-01-23,2,1,3,DET
1990-01-25,1,1,2,HFD
1990-01-27,0,2,2,WIN
1990-01-30,1,1,2,NYI
1990-01-31,1,0,1,NYR
1990-02-03,2,1,3,DET
1990-02-06,1,1,2,TOR
1990-02-07,0,1,1,TOR
1990-02-10,1,1,2,NJD
1990-02-11,1,0,1,BUF
1990-02-13,0,0,0,MNS
1990-02-15,3,0,3,QUE
1990-02-17,1,0,1,DET
1990-02-20,0,1,1,CHI
1990-02-22,1,0,1,PHI
1990-02-24,1,1,2,QUE
1990-02-25,3,0,3,MTL
1990-02-27,1,0,1,BUF
1990-03-01,0,0,0,CHI
1990-03-03,2,2,4,NYI
1990-03-06,0,0,0,NJD
1990-03-08,1,0,1,DET
1990-03-10,1,0,1,CHI
1990-03-11,0,2,2,CHI
1990-03-13,0,0,0,WSH
1990-03-15,1,0,1,VAN
1990-03-17,1,0,1,DET
1990-03-19,1,0,1,CGY
1990-03-21,1,0,1,EDM
1990-03-24,0,0,0,LAK
1990-03-27,0,0,0,BOS
1990-03-29,0,1,1,PIT
1990-03-31,2,0,2,MNS
1990-10-04,2,0,2,MNS
1990-10-06,0,0,0,CHI
1990-10-09,2,0,2,PIT
1990-10-12,0,0,0,VAN
1990-10-14,0,0,0,LAK
1990-10-16,1,2,3,EDM
1990-10-18,2,0,2,CGY
1990-10-20,0,0,0,MNS
1990-10-24,3,1,4,TOR
1990-10-25,3,0,3,TOR
1990-10-27,1,0,1,MTL
1990-10-30,1,1,2,DET
1990-11-01,1,0,1,BOS
1990-11-03,0,1,1,HFD
1990-11-06,1,0,1,EDM
1990-11-08,0,1,1,PIT
1990-11-10,0,1,1,DET
1990-11-13,2,0,2,QUE
1990-11-17,0,0,0,MNS
1990-11-18,2,0,2,WIN
1990-11-20,0,0,0,WIN
1990-11-23,0,1,1,DET
1990-11-24,2,0,2,VAN
1990-11-27,1,1,2,TOR
1990-11-29,2,1,3,LAK
1990-12-01,0,0,0,NJD
1990-12-02,1,0,1,CHI
1990-12-07,2,1,3,DET
1990-12-08,0,1,1,DET
1990-12-11,0,1,1,WIN
1990-12-13,2,1,3,MNS
1990-12-15,1,0,1,TOR
1990-12-16,2,0,2,BUF
1990-12-20,2,0,2,WSH
1990-12-22,0,0,0,CHI
1990-12-26,1,0,1,CHI
1990-12-27,1,0,1,TOR
1990-12-29,0,1,1,PHI
1990-12-31,0,0,0,PIT
1991-01-03,1,1,2,QUE
1991-01-05,2,0,2,NYR
1991-01-08,2,0,2,NJD
1991-01-09,1,0,1,NYR
1991-01-12,0,1,1,QUE
1991-01-13,1,0,1,MTL
1991-01-15,1,3,4,WSH
1991-01-17,0,0,0,MTL
1991-01-22,2,0,2,MNS
1991-01-25,2,2,4,DET
1991-01-26,2,0,2,DET
1991-02-02,1,1,2,NJD
1991-02-04,2,2,4,TOR
1991-02-06,2,0,2,BUF
1991-02-09,1,0,1,LAK
1991-02-12,1,2,3,EDM
1991-02-14,2,1,3,VAN
1991-02-17,2,1,3,CGY
1991-02-19,1,1,2,TOR
1991-02-21,1,4,5,NYI
1991-02-23,3,1,4,BOS
1991-02-24,0,0,0,CHI
1991-02-26,1,0,1,CHI
1991-02-28,0,0,0,NYR
1991-03-02,1,3,4,PHI
1991-03-05,2,2,4,HFD
1991-03-07,3,1,4,BOS
1991-03-09,1,0,1,CGY
1991-03-10,1,0,1,DET
1991-03-14,1,0,1,MNS
1991-03-16,1,0,1,CHI
1991-03-17,0,1,1,CHI
1991-03-19,1,0,1,WSH
1991-03-21,0,0,0,PHI
1991-03-23,1,0,1,NYI
1991-03-25,2,0,2,MNS
1991-03-28,1,1,2,NYI
1991-03-30,1,1,2,TOR
1991-03-31,1,1,2,MNS
1991-10-05,1,0,1,NJD
1991-10-07,0,0,0,TOR
1991-10-10,1,2,3,EDM
1991-10-12,0,1,1,SJS
1991-10-15,0,2,2,TOR
1991-10-17,0,0,0,DET
1991-10-19,1,1,2,CHI
1991-10-20,0,0,0,CHI
1991-10-24,2,0,2,BOS
1991-10-26,1,0,1,CGY
1991-10-28,0,0,0,TOR
1991-10-30,1,1,2,EDM
1991-11-01,1,0,1,VAN
1991-11-03,0,1,1,WIN
1991-11-05,2,0,2,PHI
1991-11-07,2,0,2,DET
1991-11-09,3,0,3,HFD
1991-11-10,1,0,1,DET
1991-11-14,0,0,0,WIN
1991-11-16,0,2,2,MNS
1991-11-17,0,0,0,CHI
1991-11-20,2,2,4,TOR
1991-11-23,0,0,0,NYR
1991-11-28,1,1,2,QUE
1991-11-30,3,1,4,DET
1991-12-03,1,0,1,MNS
1991-12-04,1,1,2,MNS
1991-12-07,0,1,1,PIT
1991-12-10,3,0,3,NYI
1991-12-11,1,1,2,BUF
1991-12-14,1,0,1,QUE
1991-12-16,0,1,1,MTL
1991-12-19,1,1,2,SJS
1991-12-21,3,1,4,NYI
1991-12-22,1,0,1,CHI
1991-12-26,1,0,1,CHI
1991-12-28,1,0,1,MNS
1991-12-31,1,0,1,BUF
1992-01-02,1,1,2,MNS
1992-01-04,1,0,1,DET
1992-01-06,1,0,1,TOR
1992-01-08,3,1,4,NYR
1992-01-09,0,2,2,NJD
1992-01-11,1,1,2,NYI
1992-01-14,0,1,1,WSH
1992-01-16,3,1,4,MTL
1992-01-21,1,0,1,BUF
1992-01-23,1,0,1,LAK
1992-01-25,0,0,0,VAN
1992-01-28,1,0,1,LAK
1992-01-30,2,0,2,SJS
1992-02-01,0,0,0,PIT
1992-02-02,0,0,0,PHI
1992-02-06,2,0,2,NJD
1992-02-08,0,0,0,CHI
1992-02-11,1,0,1,LAK
1992-02-13,0,0,0,BOS
1992-02-15,1,2,3,CGY
1992-02-17,1,0,1,DET
1992-02-19,0,2,2,WIN
1992-02-22,0,2,2,TOR
1992-02-23,1,0,1,CHI
1992-02-25,1,1,2,HFD
1992-02-27,3,1,4,WSH
1992-02-29,1,1,2,DET
1992-03-02,3,0,3,VAN
1992-03-06,0,1,1,EDM
1992-03-07,0,0,0,CGY
1992-03-10,1,1,2,MNS
1992-03-12,0,1,1,DET
1992-04-12,1,0,1,MNS
1992-04-14,1,0,1,CHI
1992-04-16,1,0,1,MNS
1992-10-06,2,0,2,MNS
1992-10-08,0,1,1,MNS
1992-10-10,0,0,0,CHI
1992-10-13,0,1,1,TBL
1992-10-15,1,0,1,MNS
1992-10-17,0,1,1,QUE
1992-10-19,0,0,0,MTL
1992-10-21,0,2,2,QUE
1992-10-24,0,1,1,DET
1992-10-26,0,1,1,SJS
1992-10-29,1,1,2,PIT
1992-10-31,1,3,4,PHI
1992-11-03,0,0,0,TBL
1992-11-05,0,3,3,PIT
1992-11-07,1,0,1,PHI
1992-11-10,1,1,2,EDM
1992-11-12,0,0,0,CHI
1992-11-14,0,2,2,WIN
1992-11-16,1,0,1,TOR
1992-11-18,1,0,1,HFD
1992-11-21,1,1,2,TBL
1992-11-25,2,2,4,DET
1992-11-26,1,0,1,VAN
1992-11-28,0,0,0,DET
1992-12-01,1,1,2,HFD
1992-12-04,0,1,1,CGY
1992-12-05,1,1,2,EDM
1992-12-07,0,1,1,VAN
1992-12-10,0,0,0,SJS
1992-12-12,1,1,2,LAK
1992-12-15,1,0,1,NYI
1992-12-17,0,1,1,NYR
1992-12-19,0,0,0,WIN
1992-12-22,1,0,1,MNS
1992-12-26,1,1,2,CHI
1992-12-27,0,0,0,TOR
1992-12-31,2,0,2,NYI
1993-01-02,2,0,2,TOR
1993-01-03,1,0,1,BUF
1993-01-05,2,0,2,EDM
1993-01-07,0,1,1,CGY
1993-01-09,0,0,0,CHI
1993-01-11,0,0,0,DET
1993-01-13,1,0,1,TOR
1993-01-14,1,1,2,OTT
1993-01-16,1,1,2,TBL
1993-01-19,0,1,1,TOR
1993-01-21,1,1,2,DET
1993-01-23,2,0,2,DET
1993-01-26,2,2,4,OTT
1993-01-28,2,1,3,TBL
1993-01-30,0,0,0,NJD
1993-02-01,0,0,0,TOR
1993-02-03,1,2,3,WIN
1993-02-08,0,0,0,HFD
1993-02-09,0,0,0,BOS
1993-02-11,1,1,2,WSH
1993-02-13,1,0,1,DET
1993-02-15,1,0,1,NYR
1993-02-17,1,1,2,NJD
1993-02-18,1,0,1,NYI
1993-02-21,1,0,1,WSH
1993-02-23,0,0,0,MTL
1993-02-25,0,1,1,LAK
1993-02-27,1,0,1,MNS
1993-02-28,1,1,2,CHI
1993-03-04,1,0,1,CGY
1993-03-06,0,1,1,BOS
1993-03-11,1,2,3,SJS
1993-03-13,1,1,2,MNS
1993-03-14,0,0,0,MNS
1993-03-16,1,0,1,BUF
1993-03-20,1,0,1,LAK
1993-04-03,0,1,1,CHI
1993-04-04,0,1,1,CHI
1993-04-06,0,0,0,TBL
1993-04-10,2,0,2,MNS
1993-04-11,2,0,2,MNS
1993-04-13,0,0,0,TOR
1993-04-15,0,0,0,TBL
1993-10-07,0,0,0,FLA
1993-10-19,0,2,2,SJS
1993-10-21,1,1,2,SJS
1993-10-23,0,2,2,PIT
1993-10-26,0,2,2,CHI
1993-10-28,0,0,0,HFD
1993-10-30,0,0,0,BOS
1993-11-01,2,1,3,HFD
1993-11-03,0,1,1,WIN
1993-11-06,2,1,3,EDM
1993-11-09,2,1,3,PIT
1993-11-11,1,2,3,TOR
1993-11-13,2,1,3,LAK
1993-11-16,0,0,0,VAN
1993-11-18,1,0,1,CGY
1993-11-20,0,1,1,LAK
1993-11-21,2,0,2,DET
1993-11-24,0,1,1,WSH
1993-11-26,1,2,3,NJD
1993-11-28,0,0,0,WIN
1993-12-01,0,0,0,TOR
1993-12-02,1,1,2,TOR
1993-12-04,1,1,2,DAL
1993-12-07,0,0,0,CHI
1993-12-09,1,0,1,DET
1993-12-11,0,0,0,LAK
1993-12-12,0,0,0,ANA
1993-12-15,1,1,2,SJS
1993-12-17,0,1,1,CGY
1993-12-19,3,0,3,EDM
1993-12-23,1,0,1,TBL
1993-12-26,0,1,1,CHI
1993-12-27,0,0,0,MTL
1993-12-29,1,0,1,NYR
1993-12-31,0,0,0,WIN
1994-01-02,1,1,2,CGY
1994-01-04,0,0,0,DET
1994-01-06,2,0,2,HFD
1994-01-08,2,0,2,ANA
1994-01-09,0,0,0,DAL
1994-01-13,2,1,3,EDM
1994-01-15,0,1,1,BUF
1994-01-18,0,0,0,NYR
1994-01-19,0,0,0,PHI
1994-01-24,1,2,3,ANA
1994-01-25,0,1,1,VAN
1994-01-28,0,0,0,EDM
1994-01-29,2,0,2,CGY
1994-02-01,3,1,4,TOR
1994-02-03,1,0,1,QUE
1994-02-05,0,0,0,SJS
1994-02-08,1,2,3,WIN
1994-02-10,0,1,1,WSH
1994-02-12,1,0,1,DET
1994-02-15,2,0,2,VAN
1994-02-18,1,1,2,BOS
1994-02-20,0,0,0,ANA
1994-02-24,0,0,0,QUE
1994-02-26,0,2,2,OTT
1994-02-28,1,0,1,NJD
1994-03-01,1,0,1,NYI
1994-03-03,0,0,0,VAN
1994-03-07,0,1,1,TOR
1994-03-09,1,0,1,MTL
1994-03-12,1,1,2,NYI
1994-03-16,0,0,0,WIN
1994-03-18,1,0,1,TOR
1994-03-20,1,2,3,CHI
1994-03-22,0,0,0,PHI
1994-03-23,0,0,0,BUF
1994-03-25,3,0,3,DAL
1994-03-27,1,0,1,SJS
1994-03-30,0,0,0,FLA
1994-04-01,0,0,0,TBL
1994-04-03,1,0,1,DET
1994-04-05,1,0,1,CHI
1994-04-07,1,0,1,LAK
1994-04-08,0,0,0,CHI
1994-04-10,1,0,1,DAL
1994-04-12,0,0,0,DAL
1994-04-14,1,0,1,WIN
1995-01-20,2,2,4,SJS
1995-01-21,0,0,0,VAN
1995-01-24,0,0,0,CGY
1995-01-26,2,0,2,LAK
1995-01-28,0,0,0,VAN
1995-01-31,1,1,2,ANA
1995-02-02,1,1,2,WIN
1995-02-04,3,1,4,DAL
1995-02-07,0,0,0,LAK
1995-02-09,0,0,0,CHI
1995-02-11,0,2,2,WIN
1995-02-13,1,0,1,CGY
1995-02-17,0,1,1,WIN
1995-02-18,1,0,1,TOR
1995-02-20,1,1,2,EDM
1995-02-22,0,0,0,SJS
1995-02-25,0,0,0,DET
1995-02-27,1,0,1,TOR
1995-03-05,0,1,1,DAL
1995-03-07,2,1,3,ANA
1995-03-09,2,0,2,CGY
1995-03-12,1,0,1,DET
1995-03-14,0,0,0,EDM
1995-03-16,0,1,1,LAK
1995-03-19,0,0,0,ANA
1995-03-20,0,0,0,LAK
1995-03-22,1,0,1,CGY
1995-03-26,0,1,1,EDM
1995-03-27,1,0,1,DAL
1995-03-29,0,1,1,CHI
1995-03-31,0,2,2,SJS
1995-04-02,1,1,2,DET
1995-04-03,0,1,1,TOR
1995-04-05,2,0,2,TOR
1995-04-09,0,1,1,DAL
1995-04-11,1,0,1,WIN
1995-04-13,0,0,0,WIN
1995-04-16,4,0,4,DET
1995-04-18,0,0,0,VAN
1995-04-19,0,0,0,CHI
1995-04-21,0,0,0,TOR
1995-04-23,0,0,0,CHI
1995-04-25,0,1,1,DAL
1995-04-27,1,0,1,EDM
1995-04-28,0,1,1,VAN
1995-04-30,0,0,0,SJS
1995-05-01,0,0,0,ANA
1995-05-03,0,0,0,DET
1995-10-07,0,1,1,WSH
1995-10-10,4,0,4,EDM
1995-10-12,0,1,1,DAL
1995-10-14,0,0,0,COL
1995-10-17,0,1,1,BOS
1995-10-19,1,0,1,DAL
1995-10-21,1,0,1,CHI
1995-10-22,0,1,1,BUF
1995-10-25,1,1,2,HFD
1995-10-27,1,1,2,ANA
1995-10-29,0,1,1,WSH
1995-11-01,0,0,0,ANA
1995-11-10,0,0,0,WIN
1995-11-23,0,2,2,VAN
1995-11-25,1,1,2,TOR
1995-11-27,0,0,0,BUF
1995-11-29,1,2,3,MTL
1995-11-30,2,0,2,WIN
1995-12-02,2,1,3,EDM
1995-12-05,0,0,0,CGY
1995-12-08,2,0,2,VAN
1995-12-09,2,0,2,LAK
1995-12-12,0,0,0,DET
1995-12-16,2,1,3,SJS
1995-12-19,0,3,3,NYI
1995-12-22,0,0,0,COL
1995-12-23,1,0,1,WIN
1995-12-26,1,0,1,DET
1995-12-28,2,1,3,DAL
1995-12-30,0,1,1,TOR
1996-01-04,1,1,2,CHI
1996-01-06,1,1,2,PIT
1996-01-09,1,0,1,NJD
1996-01-11,0,1,1,PHI
1996-01-13,0,0,0,MTL
1996-01-14,0,1,1,NYR
1996-01-16,0,0,0,EDM
1996-01-24,1,1,2,WIN
1996-01-27,0,0,0,TBL
1996-01-29,0,0,0,OTT
1996-01-31,0,2,2,TOR
1996-02-01,0,1,1,VAN
1996-02-03,2,0,2,PHI
1996-02-06,0,1,1,DAL
1996-02-08,0,1,1,CHI
1996-02-10,1,2,3,DAL
1996-02-11,0,1,1,FLA
1996-02-13,1,0,1,TBL
1996-02-16,1,1,2,DET
1996-02-18,1,0,1,WIN
1996-02-20,0,0,0,OTT
1996-02-22,0,1,1,CHI
1996-02-24,0,0,0,LAK
1996-02-29,0,1,1,VAN
1996-03-03,1,1,2,EDM
1996-03-05,0,0,0,FLA
1996-03-07,1,0,1,CGY
1996-03-09,0,0,0,HFD
1996-03-12,0,0,0,CGY
1996-03-15,3,1,4,SJS
1996-03-17,0,0,0,ANA
1996-03-18,1,2,3,LAK
1996-03-20,0,0,0,DAL
1996-03-22,0,1,1,ANA
1996-03-24,0,0,0,DET
1996-03-26,1,0,1,PIT
1996-03-28,0,0,0,NJD
1996-04-08,2,0,2,WIN
1996-04-11,0,0,0,COL
1996-04-14,0,0,0,CHI
1996-10-04,0,0,0,COL
1996-10-06,0,0,0,CHI
1996-10-09,0,0,0,CGY
1996-10-11,1,0,1,EDM
1996-10-12,0,0,0,VAN
1996-10-17,0,3,3,TOR
1996-10-18,0,0,0,NYR
1996-10-20,0,0,0,SJS
1996-10-22,1,0,1,PHX
1996-10-24,1,0,1,CHI
1996-10-26,1,3,4,WSH
1996-10-30,0,0,0,COL
1996-11-01,0,1,1,BUF
1996-11-03,2,0,2,DAL
1996-11-05,0,0,0,TOR
1996-11-08,1,0,1,VAN
1996-11-09,1,0,1,CGY
1996-11-14,0,3,3,TBL
1996-11-16,0,0,0,CGY
1996-11-17,0,1,1,ANA
1996-11-19,1,0,1,PIT
1996-11-21,1,1,2,PHX
1996-11-23,0,0,0,FLA
1996-11-27,1,1,2,ANA
1996-12-01,0,1,1,SJS
1996-12-03,0,0,0,TOR
1996-12-05,0,0,0,PHX
1996-12-08,1,0,1,EDM
1996-12-11,0,1,1,DAL
1996-12-13,0,0,0,CHI
1996-12-15,0,0,0,VAN
1996-12-17,0,1,1,HFD
1996-12-19,0,0,0,PIT
1996-12-21,0,0,0,PHI
1996-12-22,3,1,4,LAK
1996-12-26,2,0,2,CHI
1996-12-27,0,0,0,TOR
1996-12-29,0,0,0,BOS
1997-01-02,1,0,1,MTL
1997-01-03,0,0,0,BUF
1997-01-05,0,1,1,NJD
1997-01-07,1,1,2,EDM
1997-01-09,1,0,1,SJS
1997-01-11,1,0,1,LAK
1997-01-15,0,1,1,PHX
1997-01-20,0,1,1,NYI
1997-01-23,2,0,2,VAN
1997-01-25,2,1,3,MTL
1997-01-27,1,0,1,ANA
1997-01-29,1,1,2,TOR
1997-01-30,1,2,3,OTT
1997-02-01,1,0,1,DET
1997-02-04,0,0,0,DET
1997-02-06,3,1,4,DAL
1997-02-08,0,1,1,BOS
1997-02-10,0,1,1,PHX
1997-02-13,1,0,1,NYR
1997-02-15,0,0,0,COL
1997-02-17,0,1,1,CHI
1997-02-20,0,0,0,OTT
1997-02-22,0,1,1,DET
1997-02-23,2,0,2,CGY
1997-02-25,2,0,2,TBL
1997-02-27,1,0,1,FLA
1997-03-05,0,1,1,DAL
1997-03-09,0,1,1,EDM
1997-03-11,0,1,1,SJS
1997-03-13,1,0,1,LAK
1997-03-14,1,2,3,ANA
1997-03-17,1,0,1,PHX
1997-03-20,0,2,2,HFD
1997-03-23,0,1,1,DAL
1997-03-25,0,0,0,WSH
1997-03-27,0,2,2,LAK
1997-03-30,0,0,0,PHI
1997-04-09,1,0,1,CHI
1997-04-10,0,0,0,TOR
1997-10-01,0,0,0,BUF
1997-10-03,2,0,2,PHX
1997-10-04,0,1,1,DAL
1997-10-09,3,0,3,LAK
1997-10-11,2,0,2,FLA
1997-10-13,0,0,0,CAR
1997-10-17,0,0,0,CHI
1997-10-18,0,2,2,NYR
1997-10-20,0,1,1,DET
1997-10-22,0,1,1,CAR
1997-10-23,0,2,2,VAN
1997-10-25,1,0,1,WSH
1997-10-29,0,0,0,PHI
1997-10-30,0,0,0,COL
1997-11-01,0,0,0,SJS
1997-11-03,0,0,0,PHI
1997-11-06,0,0,0,CHI
1997-11-08,0,0,0,COL
1997-11-10,1,3,4,DAL
1997-11-13,1,2,3,BOS
1997-11-15,2,1,3,DET
1997-11-17,0,0,0,TOR
1997-11-20,0,0,0,EDM
1997-11-22,0,0,0,ANA
1997-11-25,0,0,0,PHX
1997-11-27,0,1,1,LAK
1997-11-29,1,0,1,NYI
1997-12-02,1,0,1,NJD
1997-12-04,0,1,1,TOR
1997-12-06,1,1,2,CGY
1997-12-11,1,0,1,OTT
1997-12-13,0,0,0,EDM
1997-12-15,0,1,1,OTT
1997-12-18,0,0,0,NJD
1997-12-22,1,0,1,TBL
1997-12-23,0,0,0,FLA
1997-12-26,0,0,0,CHI
1997-12-27,2,0,2,ANA
1998-01-29,0,0,0,TOR
1998-01-31,0,4,4,DAL
1998-02-04,0,1,1,TOR
1998-02-05,0,0,0,BOS
1998-02-07,1,0,1,DET
1998-02-26,0,0,0,SJS
1998-02-28,0,0,0,LAK
1998-03-01,2,2,4,ANA
1998-03-03,0,1,1,CHI
1998-03-05,1,2,3,MTL
1998-03-07,0,1,1,DAL
1998-03-09,1,1,2,VAN
1998-03-11,0,1,1,COL
1998-03-14,0,0,0,PHX
1998-03-21,0,0,0,EDM
1998-03-22,0,0,0,CGY
1998-03-26,2,0,2,TBL
1998-03-28,0,1,1,DET
1998-03-30,0,3,3,SJS
1998-04-01,0,2,2,TOR
1998-04-04,0,0,0,COL
1998-04-07,0,1,1,DET
1998-04-09,0,1,1,CHI
1998-04-11,0,2,2,PHX
1998-04-12,0,1,1,DAL
1998-04-16,0,2,2,LAK
1998-04-18,0,2,2,PHX
1998-04-19,1,0,1,ANA
1998-10-10,0,1,1,BUF
1998-10-13,0,1,1,CHI
1998-10-15,0,1,1,CAR
1998-10-17,1,2,3,CHI
1998-10-20,0,1,1,CGY
1998-10-22,0,0,0,PHX
1998-10-24,0,0,0,SJS
1998-10-30,0,0,0,ANA
1998-10-31,2,0,2,DET
1998-11-04,0,0,0,SJS
1998-11-07,1,0,1,LAK
1998-11-11,0,0,0,PHX
1998-11-13,0,0,0,DET
1998-11-14,2,1,3,BOS
1998-11-20,0,2,2,NYI
1998-11-25,0,0,0,NJD
1998-12-02,0,0,0,SJS
1998-12-15,2,0,2,STL
1998-12-18,1,0,1,DET
1998-12-20,0,0,0,OTT
1998-12-21,0,0,0,MTL
1998-12-23,1,1,2,TOR
1998-12-26,2,1,3,COL
1998-12-28,0,0,0,NSH
1998-12-31,0,2,2,BOS
1999-01-01,1,0,1,PHX
1999-01-06,1,0,1,VAN
1999-01-08,0,0,0,CGY
1999-01-10,0,0,0,VAN
1999-01-13,0,1,1,SJS
1999-01-15,0,1,1,ANA
1999-01-18,1,0,1,VAN
1999-01-20,1,1,2,TOR
1999-01-27,1,0,1,LAK
1999-01-29,1,1,2,TBL
1999-01-30,1,0,1,FLA
1999-02-01,0,1,1,CGY
1999-02-07,0,0,0,COL
1999-02-12,1,0,1,ANA
1999-02-13,1,0,1,LAK
1999-02-15,2,0,2,EDM
1999-02-17,0,0,0,FLA
1999-02-19,1,1,2,CHI
1999-02-21,1,0,1,COL
1999-02-23,0,2,2,NSH
1999-02-24,1,0,1,NSH
1999-03-19,0,0,0,OTT
1999-03-21,0,1,1,CAR
1999-03-23,1,0,1,PHX
1999-03-25,1,0,1,LAK
1999-03-26,0,0,0,ANA
1999-03-28,0,1,1,NSH
1999-03-31,0,1,1,TBL
1999-04-03,1,0,1,STL
1999-04-04,0,0,0,DET
1999-04-07,2,0,2,ANA
1999-04-09,0,0,0,NYR
1999-04-11,1,1,2,LAK
1999-04-14,0,1,1,PHX
1999-04-18,0,0,0,COL
1999-10-01,1,2,3,PIT
1999-10-02,0,1,1,ANA
1999-10-05,1,0,1,DET
1999-10-08,0,0,0,ANA
1999-10-09,0,0,0,SJS
1999-10-13,0,0,0,SJS
1999-10-15,0,2,2,BOS
1999-10-16,0,0,0,NSH
1999-10-20,0,1,1,EDM
1999-10-22,1,0,1,NJD
1999-10-25,0,0,0,TOR
1999-10-30,1,0,1,TBL
1999-11-03,0,0,0,BUF
1999-11-05,2,0,2,PHX
1999-11-06,0,0,0,SJS
1999-11-09,1,1,2,STL
1999-11-10,0,0,0,DET
1999-11-17,0,0,0,WSH
1999-11-18,0,1,1,PHI
1999-11-20,0,0,0,CAR
1999-11-22,0,0,0,COL
1999-11-24,0,0,0,LAK
1999-11-26,1,0,1,ANA
1999-11-28,0,0,0,ATL
1999-11-30,1,1,2,NYI
1999-12-01,1,1,2,MTL
1999-12-04,0,0,0,OTT
1999-12-06,0,0,0,PHX
1999-12-08,1,0,1,CAR
1999-12-10,0,1,1,FLA
1999-12-11,0,0,0,STL
1999-12-15,0,0,0,CGY
1999-12-17,0,1,1,EDM
1999-12-18,0,2,2,VAN
1999-12-21,0,0,0,CGY
1999-12-23,1,0,1,CHI
1999-12-27,1,0,1,SJS
1999-12-29,0,1,1,NYR
1999-12-31,2,1,3,ANA
2000-01-03,0,0,0,LAK
2000-01-05,0,0,0,NSH
2000-01-07,0,1,1,VAN
2000-01-11,0,0,0,EDM
2000-01-12,0,0,0,CGY
2000-01-19,0,0,0,ANA
2000-01-20,1,0,1,LAK
2000-01-23,0,1,1,CHI
2000-01-26,1,1,2,LAK
2000-01-28,0,0,0,STL
2000-01-31,0,2,2,EDM
2000-02-02,0,1,1,ATL
2000-02-03,0,0,0,PHX
2000-02-09,0,0,0,ANA
2000-02-13,0,0,0,WSH
2000-02-16,0,0,0,NSH
2000-02-18,0,1,1,PHX
2000-02-20,0,1,1,COL
2000-02-21,0,1,1,NSH
2000-02-23,1,0,1,DET
2000-02-25,1,2,3,CHI
2000-02-27,0,1,1,COL
2000-03-01,0,0,0,PHI
2000-03-03,0,0,0,PHX
2000-03-05,0,0,0,DET
2000-03-08,1,0,1,VAN
2000-03-12,0,1,1,STL
2000-03-13,0,0,0,NYR
2000-03-15,0,1,1,NJD
2000-03-18,1,0,1,CHI
2000-03-19,1,1,2,SJS
2000-03-24,0,1,1,CHI
2000-03-26,0,0,0,COL
2000-03-28,0,0,0,TBL
2000-03-29,0,3,3,FLA
2000-04-02,1,0,1,COL
2000-04-03,1,0,1,CGY
2000-04-05,0,0,0,SJS
2000-04-07,0,0,0,LAK
2000-04-09,0,0,0,PHX
2000-10-04,0,0,0,COL
2000-10-07,0,0,0,OTT
2000-10-09,1,2,3,TOR
2000-10-10,1,0,1,CAR
2000-10-12,2,0,2,PHI
2000-10-14,0,1,1,WSH
2000-10-18,0,1,1,SJS
2000-10-20,0,0,0,CHI
2000-10-21,2,0,2,LAK
2000-10-25,2,0,2,VAN
2000-10-27,0,2,2,PHX
2000-10-28,0,0,0,STL
2000-11-01,0,1,1,CBJ
2000-11-03,0,1,1,PHX
2000-11-11,0,1,1,MTL
2000-11-14,2,0,2,CBJ
2000-11-15,1,0,1,BUF
2000-11-17,0,0,0,DET
2000-11-20,1,0,1,TBL
2000-11-22,0,0,0,NSH
2000-11-24,0,0,0,CBJ
2000-11-25,0,2,2,CBJ
2000-11-29,0,0,0,CGY
2000-12-01,1,0,1,COL
2000-12-02,2,1,3,PHX
2000-12-06,0,1,1,SJS
2000-12-07,1,1,2,LAK
2000-12-10,0,0,0,ANA
2000-12-13,1,2,3,EDM
2000-12-15,2,1,3,CHI
2000-12-17,0,0,0,MIN
2000-12-20,0,0,0,NJD
2000-12-21,0,1,1,NYI
2000-12-23,2,1,3,PIT
2001-01-04,0,0,0,DET
2001-01-06,1,1,2,BOS
2001-01-08,0,0,0,NYR
2001-01-10,2,0,2,ATL
2001-01-12,0,0,0,DET
2001-01-14,0,1,1,TBL
2001-01-15,0,0,0,FLA
2001-01-17,1,2,3,NSH
2001-01-19,1,1,2,PIT
2001-01-21,0,0,0,PHX
2001-01-22,1,0,1,VAN
2001-01-24,0,0,0,NJD
2001-01-26,0,0,0,SJS
2001-01-30,0,0,0,LAK
2001-02-01,0,3,3,SJS
2001-02-07,0,0,0,EDM
2001-02-09,0,0,0,MIN
2001-02-11,0,1,1,STL
2001-02-13,1,0,1,NSH
2001-02-14,0,0,0,LAK
2001-02-16,0,0,0,ANA
2001-02-18,0,0,0,DET
2001-02-21,0,1,1,MIN
2001-02-23,1,0,1,BOS
2001-02-25,0,1,1,EDM
2001-02-26,0,0,0,CGY
2001-02-28,0,1,1,VAN
2001-03-02,1,1,2,ANA
2001-03-04,0,1,1,BUF
2001-03-07,0,0,0,CHI
2001-03-10,0,0,0,COL
2001-03-11,0,0,0,COL
2001-03-13,0,0,0,CHI
2001-03-16,0,1,1,PHX
2001-03-18,3,0,3,OTT
2001-03-19,0,2,2,MIN
2001-03-21,4,0,4,ANA
2001-03-23,1,0,1,NYI
2001-03-25,0,0,0,STL
2001-03-28,0,1,1,VAN
2001-03-30,0,0,0,EDM
2001-03-31,0,1,1,CGY
2001-04-02,0,1,1,CGY
2001-04-04,1,1,2,NSH
2001-04-07,0,0,0,SJS
2001-10-04,1,0,1,SJS
2001-10-06,0,1,1,VAN
2001-10-10,0,1,1,CGY
2001-10-12,0,0,0,BUF
2001-10-13,1,1,2,NYI
2001-10-16,0,0,0,CBJ
2001-10-18,1,1,2,PHI
2001-10-20,1,0,1,LAK
2001-10-24,0,0,0,EDM
2001-10-26,0,2,2,DAL
2001-10-27,0,0,0,NSH
2001-10-30,0,0,0,CAR
2001-10-31,2,1,3,DAL
2001-11-02,0,0,0,NYI
2001-11-04,1,1,2,CHI
2001-11-07,0,0,0,PHX
2001-11-09,0,0,0,ANA
2001-11-10,0,0,0,LAK
2001-11-13,0,0,0,CAR
2001-11-16,0,2,2,MIN
2001-11-17,1,0,1,LAK
2001-11-20,0,0,0,NSH
2001-11-21,0,0,0,CBJ
2001-11-23,0,0,0,STL
2001-11-25,0,0,0,CHI
2001-11-27,1,1,2,CGY
2001-11-30,0,0,0,NJD
2001-12-01,0,0,0,NJD
2001-12-05,0,0,0,COL
2001-12-07,0,0,0,PHX
2001-12-10,0,0,0,CGY
2001-12-13,0,0,0,EDM
2001-12-15,0,0,0,VAN
2001-12-17,0,0,0,CHI
2001-12-19,1,1,2,VAN
2001-12-21,1,0,1,SJS
2001-12-23,1,1,2,CHI
2001-12-26,0,1,1,MIN
2001-12-27,0,1,1,CBJ
2001-12-29,0,1,1,NSH
2001-12-31,0,0,0,MIN
2002-01-02,0,2,2,ANA
2002-01-05,0,0,0,COL
2002-01-09,1,1,2,VAN
2002-01-12,0,0,0,DAL
2002-01-15,2,0,2,PHX
2002-01-16,0,1,1,DAL
2002-01-18,1,0,1,WSH
2002-01-20,0,0,0,OTT
2002-01-23,2,0,2,SJS
2002-01-25,0,0,0,PHX
2002-01-26,3,2,5,STL
2002-01-28,0,0,0,EDM
2002-01-30,0,0,0,CGY
2002-02-04,0,0,0,COL
2002-02-06,0,0,0,NYR
2002-02-08,1,0,1,CBJ
2002-02-09,0,0,0,OTT
2002-02-11,0,0,0,MTL
2002-02-13,0,1,1,MIN
2002-02-26,0,0,0,TBL
2002-02-27,1,2,3,FLA
2002-03-02,0,0,0,PIT
2002-03-06,0,1,1,TOR
2002-03-09,0,0,0,STL
2002-03-10,0,1,1,BUF
2002-03-13,0,0,0,EDM
2002-03-16,0,0,0,BOS
2002-03-17,1,1,2,NYR
2002-03-19,1,0,1,ANA
2002-03-21,0,0,0,CBJ
2002-03-23,1,0,1,COL
2002-03-25,0,1,1,NSH
2002-03-28,1,1,2,NSH
2002-03-30,2,0,2,ATL
2002-04-01,0,2,2,TOR
2002-04-03,0,0,0,ANA
2002-04-04,0,0,0,LAK
2002-04-06,0,0,0,SJS
2002-04-10,0,1,1,CHI
2002-04-13,1,0,1,STL
2002-04-14,0,0,0,STL
2002-10-10,0,0,0,SJS
2002-10-12,1,1,2,LAK
2002-10-13,0,0,0,ANA
2002-10-17,0,0,0,MTL
2002-10-19,1,0,1,MIN
2002-10-21,0,0,0,CGY
2002-10-23,0,1,1,LAK
2002-10-25,0,2,2,PIT
2002-10-26,0,0,0,NSH
2002-10-29,0,0,0,SJS
2002-11-02,1,1,2,OTT
2002-11-03,0,1,1,DAL
2002-11-05,0,0,0,CHI
2002-11-07,0,0,0,BOS
2002-11-12,0,0,0,NSH
2002-11-15,1,0,1,ANA
2002-11-16,0,1,1,TOR
2002-11-19,0,2,2,CGY
2002-11-22,1,0,1,VAN
2002-11-23,1,0,1,EDM
2002-11-25,0,1,1,EDM
2002-11-27,1,0,1,NJD
2002-11-29,2,0,2,CAR
2002-12-01,0,1,1,CGY
2002-12-03,1,0,1,ANA
2002-12-05,0,0,0,PHX
2002-12-06,1,0,1,DAL
2002-12-08,1,0,1,STL
2002-12-12,0,1,1,MIN
2002-12-14,0,1,1,CBJ
2002-12-17,0,0,0,NYI
2002-12-19,0,0,0,DAL
2002-12-21,0,1,1,NYR
2002-12-23,0,0,0,CBJ
2002-12-26,1,1,2,CBJ
2002-12-28,0,1,1,NSH
2002-12-29,0,0,0,DAL
2002-12-31,0,0,0,STL
2003-01-03,0,0,0,PHX
2003-01-05,2,1,3,CHI
2003-01-07,0,0,0,TBL
2003-01-08,2,0,2,FLA
2003-01-11,1,0,1,PHI
2003-01-13,1,0,1,CHI
2003-01-15,0,0,0,CHI
2003-01-16,0,1,1,COL
2003-01-19,0,0,0,VAN
2003-01-22,1,1,2,EDM
2003-01-24,0,0,0,VAN
2003-01-25,0,0,0,CGY
2003-01-28,0,0,0,NJD
2003-01-30,0,0,0,FLA
2003-02-04,0,1,1,NSH
2003-02-06,0,0,0,COL
2003-02-08,0,0,0,COL
2003-02-10,1,1,2,SJS
2003-02-13,0,1,1,BUF
2003-02-15,2,2,4,ATL
2003-02-18,0,1,1,VAN
2003-02-20,0,3,3,EDM
2003-02-22,0,0,0,WSH
2003-02-24,1,1,2,LAK
2003-02-27,2,1,3,TOR
2003-03-02,1,2,3,PHX
2003-03-03,1,0,1,CBJ
2003-03-05,0,0,0,TBL
2003-03-07,0,1,1,STL
2003-03-09,1,0,1,ANA
2003-03-10,0,0,0,LAK
2003-03-12,0,0,0,PHX
2003-03-15,1,1,2,COL
2003-03-16,3,1,4,OTT
2003-03-18,0,0,0,PIT
2003-03-22,0,0,0,STL
2003-03-23,0,0,0,MIN
2003-03-25,0,1,1,MIN
2003-03-27,0,0,0,SJS
2003-03-29,3,1,4,STL
2003-03-31,0,1,1,NSH
2003-04-03,0,0,0,NYI
2003-04-04,1,1,2,CBJ
2003-04-06,0,0,0,CHI
2003-10-09,0,1,1,LAK
2003-10-11,0,1,1,OTT
2003-10-18,0,0,0,PIT
2003-10-20,0,0,0,MTL
2003-10-22,1,1,2,CBJ
2003-10-24,0,0,0,DAL
2003-10-25,0,0,0,NYR
2003-10-29,1,1,2,STL
2003-10-30,1,0,1,NSH
2003-11-01,1,1,2,EDM
2003-11-03,1,0,1,VAN
2003-11-04,0,0,0,CGY
2003-11-08,0,0,0,NSH
2003-11-10,0,2,2,CHI
2003-11-12,0,1,1,DAL
2003-11-14,1,0,1,CHI
2003-11-15,0,0,0,MIN
2003-11-19,2,0,2,CBJ
2003-11-20,0,0,0,CBJ
2003-11-22,1,2,3,MIN
2003-11-24,0,0,0,WSH
2003-11-26,1,1,2,EDM
2003-11-28,1,0,1,NYI
2003-11-29,1,0,1,STL
2003-12-03,1,1,2,ANA
2003-12-04,1,1,2,STL
2003-12-06,1,0,1,TOR
2003-12-08,1,1,2,LAK
2003-12-10,0,1,1,BUF
2003-12-11,0,1,1,CHI
2003-12-13,0,2,2,WSH
2003-12-15,0,1,1,FLA
2003-12-17,0,1,1,SJS
2003-12-19,0,0,0,CHI
2003-12-20,0,0,0,NSH
2003-12-22,0,1,1,STL
2003-12-26,0,0,0,MIN
2003-12-28,0,0,0,CHI
2003-12-31,0,2,2,ATL
2004-01-02,0,1,1,CAR
2004-01-03,0,1,1,ANA
2004-01-05,0,0,0,NSH
2004-01-07,0,0,0,BOS
2004-01-10,0,0,0,BOS
2004-01-14,0,1,1,CHI
2004-01-16,0,1,1,PHX
2004-01-19,0,0,0,SJS
2004-01-21,0,1,1,ANA
2004-01-22,1,0,1,LAK
2004-01-24,0,1,1,PHX
2004-01-26,0,0,0,DAL
2004-01-29,1,0,1,NJD
2004-01-31,0,1,1,CAR
2004-02-03,1,0,1,NSH
2004-02-05,1,0,1,COL
2004-02-11,0,0,0,SJS
2004-02-14,0,0,0,COL
2004-02-16,0,0,0,EDM
2004-02-18,1,0,1,PHX
2004-02-20,0,2,2,STL
2004-02-23,0,0,0,EDM
2004-02-24,0,1,1,VAN
2004-02-26,0,1,1,CGY
2004-02-29,0,0,0,PHI
2004-03-03,0,0,0,CGY
2004-03-05,1,1,2,VAN
2004-03-08,0,0,0,TBL
2004-03-11,1,0,1,CBJ
2004-03-13,1,0,1,DAL
2004-03-14,0,1,1,NSH
2004-03-16,0,0,0,CGY
2004-03-18,0,0,0,PHX
2004-03-20,0,0,0,LAK
2004-03-21,1,1,2,ANA
2004-03-23,0,1,1,SJS
2004-03-25,0,0,0,COL
2004-03-27,0,2,2,COL
2004-03-29,0,1,1,MIN
2004-03-31,0,0,0,CBJ
2004-04-01,0,1,1,STL
2004-04-03,0,1,1,CBJ
2005-10-05,0,0,0,VAN
2005-10-06,0,1,1,LAK
2005-10-08,0,0,0,MIN
2005-10-11,0,0,0,DAL
2005-10-13,0,0,0,NSH
